# Cloudflare Pages redirects

# Feed redirects
/atom.xml /blog/index.xml 301
/blog/category/history/feed/ /blog/index.xml 301
/blog/feed/ /blog/index.xml 301
/blog/feed/atom/ /blog/index.xml 301
/comments/feed/ /blog/index.xml 301
/feed/ /blog/index.xml 301
/posts.atom.xml /blog/index.xml 301

# CV redirects
/cv/ https://files.lincolnmullen.com/cv/Mullen-cv.pdf 301
/cv/index.html https://files.lincolnmullen.com/cv/Mullen-cv.pdf 301
/files/Mullen-cv.pdf https://files.lincolnmullen.com/cv/Mullen-cv.pdf 301
/Mullen-cv.pdf https://files.lincolnmullen.com/cv/Mullen-cv.pdf 301

# Blog post redirects
/blog/the-humanists-os-or-scholarship-in-plain-text/null /blog/the-humanists-os-or-scholarship-in-plain-text/ 301
/blog/a-makefile-to-convert-all-markdown-files-to-pdfs-using-pandoc/null /blog/a-makefile-to-convert-all-markdown-files-to-pdfs-using-pandoc/ 301
/blog/epub-generator-for-jekyll/ /blog/e-books-for-journals-with-epub-generator-for-jekyll/ 301
/blog/ghostery-in-the-machine/ /blog/ghostery-on-your-machine-stop-sites-from-tracking-you/ 301
/blog/archive/ /archive/ 302

# Project redirects
/project/slavery https://projects.lincolnmullen.com/slavery/ 301
/project/slavery/ https://projects.lincolnmullen.com/slavery/ 301
/projects/coding-poster /blog/poster-teaching-graduate-students-to-code/ 301
/projects/hist144a-maps/ / 301
/research/history-dissertations/ / 301

# Project static sites moved to projects.lincolnmullen.com
/projects/asch-2015/* https://projects.lincolnmullen.com/asch-2015/:splat 301
/projects/paulists-map/* https://projects.lincolnmullen.com/paulists-map/:splat 301
/projects/sex-ratios/* https://projects.lincolnmullen.com/sex-ratios/:splat 301
/projects/slavery/* https://projects.lincolnmullen.com/slavery/:splat 301
/projects/spatial-workshop/* https://projects.lincolnmullen.com/spatial-workshop/:splat 301
/projects/us-boundaries/* https://projects.lincolnmullen.com/us-boundaries/:splat 301


# Files moved to R2
/syllabi/* https://files.lincolnmullen.com/syllabi/:splat 301
/pdf/* https://files.lincolnmullen.com/pdf/:splat 301
/page/history-datasets/*.csv https://files.lincolnmullen.com/history-datasets/:splat.csv 301

# Old course sites moved to PDF
/courses/church-state.2014/* https://files.lincolnmullen.com/syllabi/church-state.2014.pdf 301
/courses/clio2.2017/* https://files.lincolnmullen.com/syllabi/clio2.2017.pdf 301
/courses/clio3.2014/* https://files.lincolnmullen.com/syllabi/clio3.2014.pdf 301
/courses/data-dh.2016/* https://files.lincolnmullen.com/syllabi/data-dh.2016.pdf 301
/courses/digital-past-2015/* https://files.lincolnmullen.com/syllabi/digital-past-2015.pdf 301
/courses/digital-past.2017/* https://files.lincolnmullen.com/syllabi/digital-past.2017.pdf 301
/courses/religion-capitalism.2015/* https://files.lincolnmullen.com/syllabi/religion-capitalism.2015.pdf 301
/courses/text-analysis.2016/* https://files.lincolnmullen.com/syllabi/text-analysis.2016.pdf 301

# Software package redirects (wildcards)
/software/ / 302
/software/gender/* https://github.com/lmullen/gender/ 301
/software/historydata/* https://docs.ropensci.org/historydata/ 301
/software/internetarchive/* https://docs.ropensci.org/internetarchive/ 301
/software/textreuse/* https://docs.ropensci.org/textreuse/ 301
/software/tokenizers/* https://docs.ropensci.org/tokenizers/ 301
/software/usaboundaries/* https://docs.ropensci.org/USAboundaries/ 301
/software/usaboundariesdata/* https://docs.ropensci.org/USAboundariesData/ 301
